<?xml version="1.0" encoding="us-ascii"?>

<TreeView>
  <n t="8823 - Lament">
    <n t="ID:        8823" />
    <n t="Description: Studying the hearts of powerful beings can lead you to find power in their values and their regrets. You think you can find power in the Bloodless Heart of Cured Phlegnn in /sloth, the Doom Heart of Ultra Sepulchure in /sepulchurebattle, the Flame Heart of Smoldur in /ashfallcamp, and the Heart of the Sun from /thirdspell. With these, you can create a trait that increases your Crit Chance in exchange for lowering your Haste. " />
    <n t="End Description: Find your new enhancement in the Enhancement shops! " />
    <n t="Required items">
      <n t="Doom Heart">
        <n t="ID:        30628" />
        <n t="Quantity:  1" />
        <n t="Temporary: No" />
        <n t="Description: " />
      </n>
      <n t="Heart of the Sun">
        <n t="ID:        30903" />
        <n t="Quantity:  1" />
        <n t="Temporary: No" />
        <n t="Description: " />
      </n>
      <n t="Flame Heart">
        <n t="ID:        40377" />
        <n t="Quantity:  10" />
        <n t="Temporary: No" />
        <n t="Description: " />
      </n>
      <n t="Bloodless Heart">
        <n t="ID:        40756" />
        <n t="Quantity:  3" />
        <n t="Temporary: No" />
        <n t="Description: " />
      </n>
    </n>
  </n>
</TreeView>